
{
	"allowSleep" : true,
	"autoClearForces" : true,
	"body" : 
	[
		
		{
			"angle" : 0.08465567231178284,
			"angularVelocity" : 0,
			"awake" : true,
			"fixture" : 
			[
				
				{
					"density" : 1,
					"friction" : 0.2,
					"name" : "fixture2",
					"polygon" : 
					{
						"vertices" : 
						{
							"x" : 
							[
								0.2002105712890625,
								0.1432382464408875,
								-0.1418763399124146,
								-0.2002105116844177,
								-0.2624711096286774,
								0.1935946941375732,
								0.1959301233291626
							],
							"y" : 
							[
								0.1781575679779053,
								0.2347915768623352,
								0.4009463191032410,
								0.2002105712890625,
								-0.02912664413452148,
								-0.1969025731086731,
								-0.1152284741401672
							]
						}
					}
				},
				
				{
					"density" : 1,
					"friction" : 0.2,
					"name" : "fixture2",
					"polygon" : 
					{
						"vertices" : 
						{
							"x" : 
							[
								0.1935946941375732,
								-0.2624711096286774,
								-0.2566592991352081,
								-0.1869786977767944,
								-0.09613162279129028,
								0.1768783926963806
							],
							"y" : 
							[
								-0.1969025731086731,
								-0.02912664413452148,
								-0.08143281936645508,
								-0.1814654469490051,
								-0.2812191843986511,
								-0.2077654600143433
							]
						}
					}
				},
				
				{
					"density" : 1,
					"friction" : 0.2,
					"name" : "fixture2",
					"polygon" : 
					{
						"vertices" : 
						{
							"x" : 
							[
								-0.2002105116844177,
								-0.2610181570053101,
								-0.3104184269905090,
								-0.3089654743671417,
								-0.2624711096286774
							],
							"y" : 
							[
								0.2002105712890625,
								0.1553978323936462,
								0.1147152781486511,
								0.04206782579421997,
								-0.02912664413452148
							]
						}
					}
				},
				
				{
					"density" : 1,
					"friction" : 0.2,
					"name" : "fixture2",
					"polygon" : 
					{
						"vertices" : 
						{
							"x" : 
							[
								0.1432382464408875,
								0.1112614274024963,
								0.02085399627685547,
								-0.08957016468048096,
								-0.1418763399124146
							],
							"y" : 
							[
								0.2347915768623352,
								0.3483644127845764,
								0.5157292485237122,
								0.4721408486366272,
								0.4009463191032410
							]
						}
					}
				},
				
				{
					"density" : 1,
					"friction" : 0.2,
					"name" : "fixture2",
					"polygon" : 
					{
						"vertices" : 
						{
							"x" : [ 0.1661489009857178, 0.02085399627685547, 0.1112614274024963 ],
							"y" : [ 0.5026527047157288, 0.5157292485237122, 0.3483644127845764 ]
						}
					}
				},
				
				{
					"density" : 1,
					"friction" : 0.2,
					"name" : "fixture2",
					"polygon" : 
					{
						"vertices" : 
						{
							"x" : 
							[
								0.2476419210433960,
								0.2476419210433960,
								0.2002105712890625,
								0.2122601866722107
							],
							"y" : 
							[
								0.07392781972885132,
								0.1378871798515320,
								0.1781575679779053,
								0.03582441806793213
							]
						}
					}
				},
				
				{
					"density" : 1,
					"friction" : 0.2,
					"name" : "fixture2",
					"polygon" : 
					{
						"vertices" : 
						{
							"x" : 
							[
								0.2136210203170776,
								0.2122601866722107,
								0.2002105712890625,
								0.1959301233291626
							],
							"y" : 
							[
								-0.1125068068504334,
								0.03582441806793213,
								0.1781575679779053,
								-0.1152284741401672
							]
						}
					}
				},
				
				{
					"density" : 1,
					"friction" : 0.2,
					"name" : "fixture2",
					"polygon" : 
					{
						"vertices" : 
						{
							"x" : 
							[
								0.1632700562477112,
								0.1591874957084656,
								-0.03829795122146606,
								-0.04242891073226929,
								-0.05378907918930054,
								-0.02074128389358521
							],
							"y" : 
							[
								-0.6405116915702820,
								-0.4949021041393280,
								-0.4619494974613190,
								-0.4815716445446014,
								-0.5610929727554321,
								-0.5869115591049194
							]
						}
					}
				},
				
				{
					"density" : 1,
					"friction" : 0.2,
					"name" : "fixture2",
					"polygon" : 
					{
						"vertices" : 
						{
							"x" : 
							[
								0.1945692896842957,
								0.1918476223945618,
								0.1632700562477112,
								-0.02074128389358521,
								-0.01908218860626221
							],
							"y" : 
							[
								-0.6935843229293823,
								-0.6704500913619995,
								-0.6405116915702820,
								-0.5869115591049194,
								-0.6949451565742493
							]
						}
					}
				},
				
				{
					"density" : 1,
					"friction" : 0.2,
					"name" : "fixture2",
					"polygon" : 
					{
						"vertices" : 
						{
							"x" : [ -0.04242891073226929, -0.05069088935852051, -0.05378907918930054 ],
							"y" : [ -0.4815716445446014, -0.4918990731239319, -0.5610929727554321 ]
						}
					}
				},
				
				{
					"density" : 1,
					"friction" : 0.2,
					"name" : "fixture2",
					"polygon" : 
					{
						"vertices" : 
						{
							"x" : 
							[
								0.1782392263412476,
								0.1768783926963806,
								-0.07650947570800781,
								-0.08270597457885742,
								-0.03829795122146606,
								0.1591874957084656
							],
							"y" : 
							[
								-0.4880979061126709,
								-0.2077654600143433,
								-0.3400856256484985,
								-0.3937883377075195,
								-0.4619494974613190,
								-0.4949021041393280
							]
						}
					}
				},
				
				{
					"density" : 1,
					"friction" : 0.2,
					"name" : "fixture2",
					"polygon" : 
					{
						"vertices" : 
						{
							"x" : 
							[
								0.1768783926963806,
								-0.09613162279129028,
								-0.09613162279129028,
								-0.07650947570800781
							],
							"y" : 
							[
								-0.2077654600143433,
								-0.2812191843986511,
								-0.3318236470222473,
								-0.3400856256484985
							]
						}
					}
				},
				
				{
					"density" : 1,
					"friction" : 0.2,
					"name" : "fixture2",
					"polygon" : 
					{
						"vertices" : 
						{
							"x" : [ -0.09613162279129028, -0.1869786977767944, -0.1291794776916504 ],
							"y" : [ -0.2812191843986511, -0.1814654469490051, -0.2677934765815735 ]
						}
					}
				}
			],
			"linearVelocity" : 0,
			"massData-I" : 0.04245664179325104,
			"massData-center" : 
			{
				"x" : 0.002259128494188190,
				"y" : -0.04850108921527863
			},
			"massData-mass" : 0.3965585231781006,
			"name" : "hans",
			"position" : 
			{
				"x" : 1.519645690917969,
				"y" : 0.9561535120010376
			},
			"type" : 2
		},
		
		{
			"angle" : 0,
			"angularVelocity" : 0,
			"awake" : true,
			"fixture" : 
			[
				
				{
					"density" : 1,
					"friction" : 0.2,
					"name" : "fixture1",
					"polygon" : 
					{
						"vertices" : 
						{
							"x" : 
							[
								8.002493858337402,
								8.002493858337402,
								-7.993490219116211,
								-7.993490219116211
							],
							"y" : 
							[
								3.734938144683838,
								3.886386156082153,
								3.886386156082153,
								3.734938144683838
							]
						}
					}
				},
				
				{
					"density" : 1,
					"friction" : 0.2,
					"name" : "fixture0",
					"polygon" : 
					{
						"vertices" : 
						{
							"x" : 
							[
								8.002014160156250,
								8.002014160156250,
								-7.995927810668945,
								-7.995927810668945
							],